2026-09-19T02:56:23.901Z	interview	skeleton	1	started	
2026-09-19T03:00:00.567Z	interview	project-description.md	1	complete	6 resposta(s)
2026-09-19T03:00:00.569Z	authoring	skeleton	1	started	
2026-09-19T03:03:36.839Z	publish	skeleton	1	complete	3 fase(s), 4 entidade(s)
2026-09-19T03:03:36.851Z	ready	-	1	complete	PLAN READY
2026-09-19T03:05:47.829Z	authoring	phase-p02	1	complete	
2026-09-19T03:06:14.845Z	authoring	phase-p01	1	complete	
2026-09-19T03:06:57.644Z	authoring	phase-p03	1	complete	
2026-09-19T03:13:09.017Z	audit	project-phases.md	1	retry	P1.T4.C2 impede alterar o título na edição, enquanto P3.T4.C3 exige exibir o título atualizado.; O plano introduz reordenação, criação e renomeação de colunas; nenhuma decisão confirmada cobre o gerenciamento de colunas.; A fase introduz criação, renomeação e reordenação de colunas, embora o pedido original exija apenas a existência de colunas e a movimentação de cartões; não há decisão aceita que autorize essa configuração; A exigência de que a etiqueta venha de um catálogo fixo impõe uma limitação não definida no pedido, que exige uma etiqueta colorida e filtro por etiqueta, sem fixar catálogo ou conjunto de opções; O pedido exige um botão para trocar o tema, mas os critérios e testes só exigem alternância e persistência da preferência, permitindo uma implementação sem botão; O retorno para sistema só verifica a preferência do sistema após reiniciar; não exige mudança imediata nem atualização quando a preferência muda com a aplicação aberta.; O segundo critério só proíbe animações longas ou contínuas quando impedem a interação, permitindo-as nos demais casos, embora o pedido proíba animação longa.; o critério de edição impede alterar o título armazenado, embora o pedido exija editar o título do cartão; a fase acrescenta reordenação de colunas, operação não solicitada nem sustentada por decisão aceita; o pedido limita a reordenação aos cartões dentro da coluna
2026-09-19T03:16:54.827Z	audit	project-phases.md	2	retry	A edição é proibida de alterar o título em P1.T4.C2, mas deve atualizar e exibir o título em P3.T4.C3; O plano acrescenta criação, renomeação e reordenação de colunas; nenhuma decisão aceita ou trecho do pedido original autoriza administrar colunas; o critério exige atualizar os dados sem alterar o valor armazenado de `titulo`, impedindo a edição do título exigida no pedido, e o teste não verifica um novo título; Ao selecionar sistema, só se exige remover a substituição persistida, e o uso da preferência do sistema só é verificado após reiniciar; a interface pode permanecer no tema anterior até o reinício; A tarefa exige criar, renomear e reordenar colunas, embora o pedido original apenas exija colunas de trabalho e a movimentação de cartões; nenhuma decisão aceita autoriza essa ampliação de escopo.; A regra de catálogo fixo de etiquetas impõe uma limitação não presente no pedido original nem em decisões aceitas; a fonte exige uma etiqueta colorida e filtro por etiqueta, mas não um conjunto fechado.; A confirmação obrigatória antes de apagar é uma regra de fluxo não exigida pelo pedido original e altera o comportamento de exclusão.
2026-09-19T03:20:01.592Z	audit	project-phases.md	3	blocked	teto de devoluções esgotado
2026-09-19T03:20:01.596Z	verify	project-phases.md	1	started	75 critério(s)
2026-09-19T03:21:33.980Z	verify	project-phases.md	1	retry	P2.T7.C3 · Aplicar transições curtas às mudanças de estado visual. — UNOBSERVABLE: O critério exige estabilidade e usabilidade após cada mudança, mas não define estados, mudanças ou sinais verificáveis; avaliadores honestos podem discordar diante do mesmo código.
2026-09-19T03:21:33.985Z	verify	project-phases.md	2	started	75 critério(s)
2026-09-19T03:23:20.109Z	verify	project-phases.md	2	complete	75 critério(s) observáveis
2026-09-19T03:23:20.117Z	publish	project-phases.md	1	complete	
2026-09-19T03:23:20.127Z	ready	-	1	complete	RALPH READY
